datetime,timezone,platform,type,media_path,caption_path,status,thumbnail_path
2025-08-17T07:30:00,Asia/Bangkok,facebook,image,./assets/images_final/square/day01.jpg,./content/captions/2025-08-17.txt,pending,
2025-08-17T07:35:00,Asia/Bangkok,instagram,image,./assets/images_final/square/day01.jpg,./content/captions/2025-08-17.txt,pending,
2025-08-17T07:45:00,Asia/Bangkok,youtube,shorts,./assets/videos_final/day01_916.mp4,./content/captions/2025-08-17.txt,pending,./assets/images_final/square/day01_thumb.jpg
2025-08-17T07:50:00,Asia/Bangkok,tiktok,video,./assets/videos_final/day01_916.mp4,./content/captions/2025-08-17.txt,pending,
2025-08-18T07:30:00,Asia/Bangkok,facebook,image,./assets/images_final/square/day02.jpg,./content/captions/2025-08-18.txt,pending,
2025-08-18T07:35:00,Asia/Bangkok,instagram,image,./assets/images_final/square/day02.jpg,./content/captions/2025-08-18.txt,pending,
2025-08-18T07:45:00,Asia/Bangkok,youtube,shorts,./assets/videos_final/day02_916.mp4,./content/captions/2025-08-18.txt,pending,./assets/images_final/square/day02_thumb.jpg
2025-08-18T07:50:00,Asia/Bangkok,tiktok,video,./assets/videos_final/day02_916.mp4,./content/captions/2025-08-18.txt,pending,
2025-08-19T07:30:00,Asia/Bangkok,facebook,image,./assets/images_final/square/day03.jpg,./content/captions/2025-08-19.txt,pending,
2025-08-19T07:35:00,Asia/Bangkok,instagram,image,./assets/images_final/square/day03.jpg,./content/captions/2025-08-19.txt,pending,
2025-08-19T07:45:00,Asia/Bangkok,youtube,shorts,./assets/videos_final/day03_916.mp4,./content/captions/2025-08-19.txt,pending,./assets/images_final/square/day03_thumb.jpg
2025-08-19T07:50:00,Asia/Bangkok,tiktok,video,./assets/videos_final/day03_916.mp4,./content/captions/2025-08-19.txt,pending,
2025-08-20T07:30:00,Asia/Bangkok,facebook,image,./assets/images_final/square/day04.jpg,./content/captions/2025-08-20.txt,pending,
2025-08-20T07:35:00,Asia/Bangkok,instagram,image,./assets/images_final/square/day04.jpg,./content/captions/2025-08-20.txt,pending,
2025-08-20T07:45:00,Asia/Bangkok,youtube,shorts,./assets/videos_final/day04_916.mp4,./content/captions/2025-08-20.txt,pending,./assets/images_final/square/day04_thumb.jpg
2025-08-20T07:50:00,Asia/Bangkok,tiktok,video,./assets/videos_final/day04_916.mp4,./content/captions/2025-08-20.txt,pending,
2025-08-21T07:30:00,Asia/Bangkok,facebook,image,./assets/images_final/square/day05.jpg,./content/captions/2025-08-21.txt,pending,
2025-08-21T07:35:00,Asia/Bangkok,instagram,image,./assets/images_final/square/day05.jpg,./content/captions/2025-08-21.txt,pending,
2025-08-21T07:45:00,Asia/Bangkok,youtube,shorts,./assets/videos_final/day05_916.mp4,./content/captions/2025-08-21.txt,pending,./assets/images_final/square/day05_thumb.jpg
2025-08-21T07:50:00,Asia/Bangkok,tiktok,video,./assets/videos_final/day05_916.mp4,./content/captions/2025-08-21.txt,pending,
2025-08-22T07:30:00,Asia/Bangkok,facebook,image,./assets/images_final/square/day06.jpg,./content/captions/2025-08-22.txt,pending,
2025-08-22T07:35:00,Asia/Bangkok,instagram,image,./assets/images_final/square/day06.jpg,./content/captions/2025-08-22.txt,pending,
2025-08-22T07:45:00,Asia/Bangkok,youtube,shorts,./assets/videos_final/day06_916.mp4,./content/captions/2025-08-22.txt,pending,./assets/images_final/square/day06_thumb.jpg
2025-08-22T07:50:00,Asia/Bangkok,tiktok,video,./assets/videos_final/day06_916.mp4,./content/captions/2025-08-22.txt,pending,
2025-08-23T07:30:00,Asia/Bangkok,facebook,image,./assets/images_final/square/day07.jpg,./content/captions/2025-08-23.txt,pending,
2025-08-23T07:35:00,Asia/Bangkok,instagram,image,./assets/images_final/square/day07.jpg,./content/captions/2025-08-23.txt,pending,
2025-08-23T07:45:00,Asia/Bangkok,youtube,shorts,./assets/videos_final/day07_916.mp4,./content/captions/2025-08-23.txt,pending,./assets/images_final/square/day07_thumb.jpg
2025-08-23T07:50:00,Asia/Bangkok,tiktok,video,./assets/videos_final/day07_916.mp4,./content/captions/2025-08-23.txt,pending,
2025-08-24T07:30:00,Asia/Bangkok,facebook,image,./assets/images_final/square/day08.jpg,./content/captions/2025-08-24.txt,pending,
2025-08-24T07:35:00,Asia/Bangkok,instagram,image,./assets/images_final/square/day08.jpg,./content/captions/2025-08-24.txt,pending,
2025-08-24T07:45:00,Asia/Bangkok,youtube,shorts,./assets/videos_final/day08_916.mp4,./content/captions/2025-08-24.txt,pending,./assets/images_final/square/day08_thumb.jpg
2025-08-24T07:50:00,Asia/Bangkok,tiktok,video,./assets/videos_final/day08_916.mp4,./content/captions/2025-08-24.txt,pending,
2025-08-25T07:30:00,Asia/Bangkok,facebook,image,./assets/images_final/square/day09.jpg,./content/captions/2025-08-25.txt,pending,
2025-08-25T07:35:00,Asia/Bangkok,instagram,image,./assets/images_final/square/day09.jpg,./content/captions/2025-08-25.txt,pending,
2025-08-25T07:45:00,Asia/Bangkok,youtube,shorts,./assets/videos_final/day09_916.mp4,./content/captions/2025-08-25.txt,pending,./assets/images_final/square/day09_thumb.jpg
2025-08-25T07:50:00,Asia/Bangkok,tiktok,video,./assets/videos_final/day09_916.mp4,./content/captions/2025-08-25.txt,pending,
2025-08-26T07:30:00,Asia/Bangkok,facebook,image,./assets/images_final/square/day10.jpg,./content/captions/2025-08-26.txt,pending,
2025-08-26T07:35:00,Asia/Bangkok,instagram,image,./assets/images_final/square/day10.jpg,./content/captions/2025-08-26.txt,pending,
2025-08-26T07:45:00,Asia/Bangkok,youtube,shorts,./assets/videos_final/day10_916.mp4,./content/captions/2025-08-26.txt,pending,./assets/images_final/square/day10_thumb.jpg
2025-08-26T07:50:00,Asia/Bangkok,tiktok,video,./assets/videos_final/day10_916.mp4,./content/captions/2025-08-26.txt,pending,
2025-08-27T07:30:00,Asia/Bangkok,facebook,image,./assets/images_final/square/day11.jpg,./content/captions/2025-08-27.txt,pending,
2025-08-27T07:35:00,Asia/Bangkok,instagram,image,./assets/images_final/square/day11.jpg,./content/captions/2025-08-27.txt,pending,
2025-08-27T07:45:00,Asia/Bangkok,youtube,shorts,./assets/videos_final/day11_916.mp4,./content/captions/2025-08-27.txt,pending,./assets/images_final/square/day11_thumb.jpg
2025-08-27T07:50:00,Asia/Bangkok,tiktok,video,./assets/videos_final/day11_916.mp4,./content/captions/2025-08-27.txt,pending,
2025-08-28T07:30:00,Asia/Bangkok,facebook,image,./assets/images_final/square/day12.jpg,./content/captions/2025-08-28.txt,pending,
2025-08-28T07:35:00,Asia/Bangkok,instagram,image,./assets/images_final/square/day12.jpg,./content/captions/2025-08-28.txt,pending,
2025-08-28T07:45:00,Asia/Bangkok,youtube,shorts,./assets/videos_final/day12_916.mp4,./content/captions/2025-08-28.txt,pending,./assets/images_final/square/day12_thumb.jpg
2025-08-28T07:50:00,Asia/Bangkok,tiktok,video,./assets/videos_final/day12_916.mp4,./content/captions/2025-08-28.txt,pending,
2025-08-29T07:30:00,Asia/Bangkok,facebook,image,./assets/images_final/square/day13.jpg,./content/captions/2025-08-29.txt,pending,
2025-08-29T07:35:00,Asia/Bangkok,instagram,image,./assets/images_final/square/day13.jpg,./content/captions/2025-08-29.txt,pending,
2025-08-29T07:45:00,Asia/Bangkok,youtube,shorts,./assets/videos_final/day13_916.mp4,./content/captions/2025-08-29.txt,pending,./assets/images_final/square/day13_thumb.jpg
2025-08-29T07:50:00,Asia/Bangkok,tiktok,video,./assets/videos_final/day13_916.mp4,./content/captions/2025-08-29.txt,pending,
2025-08-30T07:30:00,Asia/Bangkok,facebook,image,./assets/images_final/square/day14.jpg,./content/captions/2025-08-30.txt,pending,
2025-08-30T07:35:00,Asia/Bangkok,instagram,image,./assets/images_final/square/day14.jpg,./content/captions/2025-08-30.txt,pending,
2025-08-30T07:45:00,Asia/Bangkok,youtube,shorts,./assets/videos_final/day14_916.mp4,./content/captions/2025-08-30.txt,pending,./assets/images_final/square/day14_thumb.jpg
2025-08-30T07:50:00,Asia/Bangkok,tiktok,video,./assets/videos_final/day14_916.mp4,./content/captions/2025-08-30.txt,pending,
2025-08-31T07:30:00,Asia/Bangkok,facebook,image,./assets/images_final/square/day15.jpg,./content/captions/2025-08-31.txt,pending,
2025-08-31T07:35:00,Asia/Bangkok,instagram,image,./assets/images_final/square/day15.jpg,./content/captions/2025-08-31.txt,pending,
2025-08-31T07:45:00,Asia/Bangkok,youtube,shorts,./assets/videos_final/day15_916.mp4,./content/captions/2025-08-31.txt,pending,./assets/images_final/square/day15_thumb.jpg
2025-08-31T07:50:00,Asia/Bangkok,tiktok,video,./assets/videos_final/day15_916.mp4,./content/captions/2025-08-31.txt,pending,
2025-09-01T07:30:00,Asia/Bangkok,facebook,image,./assets/images_final/square/day16.jpg,./content/captions/2025-09-01.txt,pending,
2025-09-01T07:35:00,Asia/Bangkok,instagram,image,./assets/images_final/square/day16.jpg,./content/captions/2025-09-01.txt,pending,
2025-09-01T07:45:00,Asia/Bangkok,youtube,shorts,./assets/videos_final/day16_916.mp4,./content/captions/2025-09-01.txt,pending,./assets/images_final/square/day16_thumb.jpg
2025-09-01T07:50:00,Asia/Bangkok,tiktok,video,./assets/videos_final/day16_916.mp4,./content/captions/2025-09-01.txt,pending,
2025-09-02T07:30:00,Asia/Bangkok,facebook,image,./assets/images_final/square/day17.jpg,./content/captions/2025-09-02.txt,pending,
2025-09-02T07:35:00,Asia/Bangkok,instagram,image,./assets/images_final/square/day17.jpg,./content/captions/2025-09-02.txt,pending,
2025-09-02T07:45:00,Asia/Bangkok,youtube,shorts,./assets/videos_final/day17_916.mp4,./content/captions/2025-09-02.txt,pending,./assets/images_final/square/day17_thumb.jpg
2025-09-02T07:50:00,Asia/Bangkok,tiktok,video,./assets/videos_final/day17_916.mp4,./content/captions/2025-09-02.txt,pending,
2025-09-03T07:30:00,Asia/Bangkok,facebook,image,./assets/images_final/square/day18.jpg,./content/captions/2025-09-03.txt,pending,
2025-09-03T07:35:00,Asia/Bangkok,instagram,image,./assets/images_final/square/day18.jpg,./content/captions/2025-09-03.txt,pending,
2025-09-03T07:45:00,Asia/Bangkok,youtube,shorts,./assets/videos_final/day18_916.mp4,./content/captions/2025-09-03.txt,pending,./assets/images_final/square/day18_thumb.jpg
2025-09-03T07:50:00,Asia/Bangkok,tiktok,video,./assets/videos_final/day18_916.mp4,./content/captions/2025-09-03.txt,pending,
2025-09-04T07:30:00,Asia/Bangkok,facebook,image,./assets/images_final/square/day19.jpg,./content/captions/2025-09-04.txt,pending,
2025-09-04T07:35:00,Asia/Bangkok,instagram,image,./assets/images_final/square/day19.jpg,./content/captions/2025-09-04.txt,pending,
2025-09-04T07:45:00,Asia/Bangkok,youtube,shorts,./assets/videos_final/day19_916.mp4,./content/captions/2025-09-04.txt,pending,./assets/images_final/square/day19_thumb.jpg
2025-09-04T07:50:00,Asia/Bangkok,tiktok,video,./assets/videos_final/day19_916.mp4,./content/captions/2025-09-04.txt,pending,
2025-09-05T07:30:00,Asia/Bangkok,facebook,image,./assets/images_final/square/day20.jpg,./content/captions/2025-09-05.txt,pending,
2025-09-05T07:35:00,Asia/Bangkok,instagram,image,./assets/images_final/square/day20.jpg,./content/captions/2025-09-05.txt,pending,
2025-09-05T07:45:00,Asia/Bangkok,youtube,shorts,./assets/videos_final/day20_916.mp4,./content/captions/2025-09-05.txt,pending,./assets/images_final/square/day20_thumb.jpg
2025-09-05T07:50:00,Asia/Bangkok,tiktok,video,./assets/videos_final/day20_916.mp4,./content/captions/2025-09-05.txt,pending,
2025-09-06T07:30:00,Asia/Bangkok,facebook,image,./assets/images_final/square/day21.jpg,./content/captions/2025-09-06.txt,pending,
2025-09-06T07:35:00,Asia/Bangkok,instagram,image,./assets/images_final/square/day21.jpg,./content/captions/2025-09-06.txt,pending,
2025-09-06T07:45:00,Asia/Bangkok,youtube,shorts,./assets/videos_final/day21_916.mp4,./content/captions/2025-09-06.txt,pending,./assets/images_final/square/day21_thumb.jpg
2025-09-06T07:50:00,Asia/Bangkok,tiktok,video,./assets/videos_final/day21_916.mp4,./content/captions/2025-09-06.txt,pending,
2025-09-07T07:30:00,Asia/Bangkok,facebook,image,./assets/images_final/square/day22.jpg,./content/captions/2025-09-07.txt,pending,
2025-09-07T07:35:00,Asia/Bangkok,instagram,image,./assets/images_final/square/day22.jpg,./content/captions/2025-09-07.txt,pending,
2025-09-07T07:45:00,Asia/Bangkok,youtube,shorts,./assets/videos_final/day22_916.mp4,./content/captions/2025-09-07.txt,pending,./assets/images_final/square/day22_thumb.jpg
2025-09-07T07:50:00,Asia/Bangkok,tiktok,video,./assets/videos_final/day22_916.mp4,./content/captions/2025-09-07.txt,pending,
2025-09-08T07:30:00,Asia/Bangkok,facebook,image,./assets/images_final/square/day23.jpg,./content/captions/2025-09-08.txt,pending,
2025-09-08T07:35:00,Asia/Bangkok,instagram,image,./assets/images_final/square/day23.jpg,./content/captions/2025-09-08.txt,pending,
2025-09-08T07:45:00,Asia/Bangkok,youtube,shorts,./assets/videos_final/day23_916.mp4,./content/captions/2025-09-08.txt,pending,./assets/images_final/square/day23_thumb.jpg
2025-09-08T07:50:00,Asia/Bangkok,tiktok,video,./assets/videos_final/day23_916.mp4,./content/captions/2025-09-08.txt,pending,
2025-09-09T07:30:00,Asia/Bangkok,facebook,image,./assets/images_final/square/day24.jpg,./content/captions/2025-09-09.txt,pending,
2025-09-09T07:35:00,Asia/Bangkok,instagram,image,./assets/images_final/square/day24.jpg,./content/captions/2025-09-09.txt,pending,
2025-09-09T07:45:00,Asia/Bangkok,youtube,shorts,./assets/videos_final/day24_916.mp4,./content/captions/2025-09-09.txt,pending,./assets/images_final/square/day24_thumb.jpg
2025-09-09T07:50:00,Asia/Bangkok,tiktok,video,./assets/videos_final/day24_916.mp4,./content/captions/2025-09-09.txt,pending,
2025-09-10T07:30:00,Asia/Bangkok,facebook,image,./assets/images_final/square/day25.jpg,./content/captions/2025-09-10.txt,pending,
2025-09-10T07:35:00,Asia/Bangkok,instagram,image,./assets/images_final/square/day25.jpg,./content/captions/2025-09-10.txt,pending,
2025-09-10T07:45:00,Asia/Bangkok,youtube,shorts,./assets/videos_final/day25_916.mp4,./content/captions/2025-09-10.txt,pending,./assets/images_final/square/day25_thumb.jpg
2025-09-10T07:50:00,Asia/Bangkok,tiktok,video,./assets/videos_final/day25_916.mp4,./content/captions/2025-09-10.txt,pending,
2025-09-11T07:30:00,Asia/Bangkok,facebook,image,./assets/images_final/square/day26.jpg,./content/captions/2025-09-11.txt,pending,
2025-09-11T07:35:00,Asia/Bangkok,instagram,image,./assets/images_final/square/day26.jpg,./content/captions/2025-09-11.txt,pending,
2025-09-11T07:45:00,Asia/Bangkok,youtube,shorts,./assets/videos_final/day26_916.mp4,./content/captions/2025-09-11.txt,pending,./assets/images_final/square/day26_thumb.jpg
2025-09-11T07:50:00,Asia/Bangkok,tiktok,video,./assets/videos_final/day26_916.mp4,./content/captions/2025-09-11.txt,pending,
2025-09-12T07:30:00,Asia/Bangkok,facebook,image,./assets/images_final/square/day27.jpg,./content/captions/2025-09-12.txt,pending,
2025-09-12T07:35:00,Asia/Bangkok,instagram,image,./assets/images_final/square/day27.jpg,./content/captions/2025-09-12.txt,pending,
2025-09-12T07:45:00,Asia/Bangkok,youtube,shorts,./assets/videos_final/day27_916.mp4,./content/captions/2025-09-12.txt,pending,./assets/images_final/square/day27_thumb.jpg
2025-09-12T07:50:00,Asia/Bangkok,tiktok,video,./assets/videos_final/day27_916.mp4,./content/captions/2025-09-12.txt,pending,
2025-09-13T07:30:00,Asia/Bangkok,facebook,image,./assets/images_final/square/day28.jpg,./content/captions/2025-09-13.txt,pending,
2025-09-13T07:35:00,Asia/Bangkok,instagram,image,./assets/images_final/square/day28.jpg,./content/captions/2025-09-13.txt,pending,
2025-09-13T07:45:00,Asia/Bangkok,youtube,shorts,./assets/videos_final/day28_916.mp4,./content/captions/2025-09-13.txt,pending,./assets/images_final/square/day28_thumb.jpg
2025-09-13T07:50:00,Asia/Bangkok,tiktok,video,./assets/videos_final/day28_916.mp4,./content/captions/2025-09-13.txt,pending,
2025-09-14T07:30:00,Asia/Bangkok,facebook,image,./assets/images_final/square/day29.jpg,./content/captions/2025-09-14.txt,pending,
2025-09-14T07:35:00,Asia/Bangkok,instagram,image,./assets/images_final/square/day29.jpg,./content/captions/2025-09-14.txt,pending,
2025-09-14T07:45:00,Asia/Bangkok,youtube,shorts,./assets/videos_final/day29_916.mp4,./content/captions/2025-09-14.txt,pending,./assets/images_final/square/day29_thumb.jpg
2025-09-14T07:50:00,Asia/Bangkok,tiktok,video,./assets/videos_final/day29_916.mp4,./content/captions/2025-09-14.txt,pending,
2025-09-15T07:30:00,Asia/Bangkok,facebook,image,./assets/images_final/square/day30.jpg,./content/captions/2025-09-15.txt,pending,
2025-09-15T07:35:00,Asia/Bangkok,instagram,image,./assets/images_final/square/day30.jpg,./content/captions/2025-09-15.txt,pending,
2025-09-15T07:45:00,Asia/Bangkok,youtube,shorts,./assets/videos_final/day30_916.mp4,./content/captions/2025-09-15.txt,pending,./assets/images_final/square/day30_thumb.jpg
2025-09-15T07:50:00,Asia/Bangkok,tiktok,video,./assets/videos_final/day30_916.mp4,./content/captions/2025-09-15.txt,pending,
